Vorname;Nachname;Nummer;Team;Nation;Overall;Stammfahrer

Aaron;Doering;67;Toyota F1 Team;Deutschland;Doering.png;True

Noah;Nebling;35;McLaren F1 Team;Deutschland;Nebling.png;True
Cedryk;Paetzold;42;McLaren F1 Team;Deutschland;Paetzold.png;True

Philipp;Stange;27;Reserve;Deutschland;Stange.png;True
Noah;Bergmann;49;Reserve;Deutschland;Bergmann.png;True

Florian;Paul;73;Mercedes AMG;Deutschland;Paul.png;True
Andre;Heiler;52;Mercedes AMG;Deutschland;Heiler.png;True

Kenny;Gomez;25;LUNZiT Red Bull Racing;Deutschland;Gomez.png;True
Livio;Zoerweg;47;LUNZiT Red Bull Racing;Litauen;Zoerweg.png;True

Maino;Takao;21;Cadillac F1 Team;Japan;Takao.png;True
Timo;Kuhlen;72;Cadillac F1 Team;Deutschland;Kuhlen.png;True

Oliver;Bolvron;17;BMW Williams;Island;Bolvron.png;True
Jomaso;Heller;8;BMW Williams;Deutschland;Heller.png;True

Lucas;Budde;95;Audi F1 Team;Deutschland;Budde.png;True
Martin;Felix;89;Audi F1 Team;Deutschland;Felix.png;True

Lea;Klinger;48;Racing Bulls;Deutschland;Klinger.png;True
David;David;3;Racing Bulls;Italien;David.png;True

Ben;Ahlers;79;Aston Martin;Deutschland;Ahlers.png;True
Elias;Muecke;39;Aston Martin;Deutschland;Muecke.png;True

Dennis;Binder;11;Reserve;Deutschland;Reserve.png;False
Sharl;Riccalo;14;Reserve;Afghanistan;Reserve.png;False
Dennis;Castillo Sims;31;Reserve;DomRep;Reserve.png;False
Lukas;Biewald;43;Reserve;Deutschland;Reserve.png;False
Paul;Meissner;63;Reserve;Deutschland;Reserve.png;False
Julian;Klaffenboeck;12;Reserve;Oesterreich;Juchi.png;False
David;Holm;26;Reserve;Deutschland;Holm.png;False
Akil;Aravinth;34;Reserve;Indien;Reserve.png;False
Philipp;Maier;61;Reserve;Schweiz;Reserve.png;False
Sandro;Raffa;91;Reserve;Italien;Raffa.png;False
